-- MySQL dump 10.16  Distrib 10.1.24-MariaDB, for Linux (x86_64)
--
-- Host: localhost    Database: u252219999_db
-- ------------------------------------------------------
-- Server version	10.1.24-MariaDB

/*!40101 SET @OLD_CHARACTER_SET_CLIENT=@@CHARACTER_SET_CLIENT */;
/*!40101 SET @OLD_CHARACTER_SET_RESULTS=@@CHARACTER_SET_RESULTS */;
/*!40101 SET @OLD_COLLATION_CONNECTION=@@COLLATION_CONNECTION */;
/*!40101 SET NAMES utf8 */;
/*!40103 SET @OLD_TIME_ZONE=@@TIME_ZONE */;
/*!40103 SET TIME_ZONE='+00:00' */;
/*!40014 SET @OLD_UNIQUE_CHECKS=@@UNIQUE_CHECKS, UNIQUE_CHECKS=0 */;
/*!40014 SET @OLD_FOREIGN_KEY_CHECKS=@@FOREIGN_KEY_CHECKS, FOREIGN_KEY_CHECKS=0 */;
/*!40101 SET @OLD_SQL_MODE=@@SQL_MODE, SQL_MODE='NO_AUTO_VALUE_ON_ZERO' */;
/*!40111 SET @OLD_SQL_NOTES=@@SQL_NOTES, SQL_NOTES=0 */;

--
-- Table structure for table `log_transaksi`
--

DROP TABLE IF EXISTS `log_transaksi`;
/*!40101 SET @saved_cs_client     = @@character_set_client */;
/*!40101 SET character_set_client = utf8 */;
CREATE TABLE `log_transaksi` (
  `transaksiID` int(11) NOT NULL,
  `bukti` varchar(100) NOT NULL,
  `deskripsi` varchar(100) NOT NULL,
  `jenis` varchar(10) NOT NULL,
  `nilai` bigint(20) NOT NULL,
  `tipe` varchar(10) NOT NULL,
  `tanggal` date NOT NULL,
  `datafrom` datetime NOT NULL,
  `historyID` int(11) NOT NULL AUTO_INCREMENT,
  `proyekID` int(11) NOT NULL,
  `createdBy` varchar(50) NOT NULL,
  PRIMARY KEY (`historyID`)
) ENGINE=MyISAM AUTO_INCREMENT=58 DEFAULT CHARSET=latin1;
/*!40101 SET character_set_client = @saved_cs_client */;

--
-- Dumping data for table `log_transaksi`
--

/*!40000 ALTER TABLE `log_transaksi` DISABLE KEYS */;
INSERT INTO `log_transaksi` VALUES (94,'TIK02','Transfer dari proyek Biodisel oleh iman kepada galih | Suntik dong buat kenalpot','TRF',9000000000,'KRE','2014-06-23','2014-06-16 12:03:17',35,76,'galih'),(95,'TIK02','Transfer ke proyek Line AHM oleh iman kepada galih | Suntik dong buat kenalpot','TRF',9000000000,'DEB','2014-06-23','2014-06-16 12:03:17',36,77,'iman'),(139,'','Sumbangan faris','REN',209,'KRE','2015-04-30','2015-04-30 02:13:20',37,79,'faris'),(178,'','Desain Struktur','MEC',150000,'DEB','2015-05-09','2015-05-09 04:26:20',38,80,'faris'),(175,'','Desain Servo Driver','CON',150000,'DEB','2015-05-09','2015-05-09 04:20:53',39,80,'faris'),(178,'','Desain Struktur','MEC',100000,'DEB','2015-05-09','2015-05-09 04:31:29',40,80,'faris'),(198,'','Belanja Keempat','REN',1000000,'DEB','2015-05-13','2015-05-13 09:45:47',41,79,'galih'),(203,'','Baut 3 mm L','MEC',26000,'DEB','2015-05-13','2015-05-13 09:51:41',42,79,'galih'),(224,'','Pinjaman Galih','REN',300000,'DEB','2015-05-20','2015-05-20 12:37:32',43,79,'galih'),(224,'','Pinjaman Galih','REN',400000,'KRE','2015-05-20','2015-05-20 12:38:28',44,79,'galih'),(263,'faris','pinjaman Faris','REN',339532,'DEB','2015-05-26','2015-06-01 05:17:54',45,79,'faris'),(264,'TULUS','Elektronik','CON',355000,'DEB','2016-01-09','2016-01-27 14:02:55',46,81,'galih'),(291,'','Isi pulsa','CON',10000,'DEB','2016-02-28','2016-02-28 05:53:25',47,82,'faris'),(310,'','Trial Casing ADE','MEC',435000,'DEB','2016-03-16','2016-03-19 10:17:04',48,85,'faris'),(309,'','Beli Casing 1 ADE v2','MEC',335000,'DEB','2016-03-18','2016-03-19 10:15:33',49,85,'faris'),(317,'','SUmbangan','REN',680000,'KRE','2016-05-04','2016-05-03 17:20:22',50,83,'faris'),(317,'','SUmbangan','REN',320000,'KRE','2016-05-04','2016-05-03 17:22:40',51,83,'faris'),(317,'','SUmbangan','REN',680000,'KRE','2016-05-04','2016-05-03 17:23:06',52,83,'faris'),(330,'','Nitip extruder di pembelian linear bearing kedua','REN',83000,'KRE','2016-05-26','2016-05-26 13:24:51',53,86,'faris'),(353,'','Parkir Motor','AKO',30000,'DEB','2016-08-15','2016-08-15 13:19:22',54,86,'faris'),(353,'','Parkir Motor','AKO',2,'DEB','2016-08-15','2016-08-15 13:20:02',55,86,'faris'),(359,'','Pizza','REN',600000,'DEB','2016-08-22','2016-08-24 04:53:23',56,86,'faris'),(359,'','Pizza','REN',670000,'DEB','2016-08-22','2016-08-24 04:55:08',57,86,'faris');
/*!40000 ALTER TABLE `log_transaksi` ENABLE KEYS */;

--
-- Table structure for table `logs`
--

DROP TABLE IF EXISTS `logs`;
/*!40101 SET @saved_cs_client     = @@character_set_client */;
/*!40101 SET character_set_client = utf8 */;
CREATE TABLE `logs` (
  `id` int(11) NOT NULL AUTO_INCREMENT,
  `title` varchar(30) DEFAULT NULL,
  `user` varchar(25) DEFAULT NULL,
  `date` date DEFAULT NULL,
  `log` varchar(200) DEFAULT NULL,
  PRIMARY KEY (`id`)
) ENGINE=MyISAM AUTO_INCREMENT=3 DEFAULT CHARSET=latin1;
/*!40101 SET character_set_client = @saved_cs_client */;

--
-- Dumping data for table `logs`
--

/*!40000 ALTER TABLE `logs` DISABLE KEYS */;
INSERT INTO `logs` VALUES (1,'Kopi','djosjd','2014-05-12','guoghogishpdighsdp'),(2,'ouhdpidsh','pifhgpidfgh','2014-05-28','hghdfhf');
/*!40000 ALTER TABLE `logs` ENABLE KEYS */;

--
-- Table structure for table `project`
--

DROP TABLE IF EXISTS `project`;
/*!40101 SET @saved_cs_client     = @@character_set_client */;
/*!40101 SET character_set_client = utf8 */;
CREATE TABLE `project` (
  `proyekID` int(11) NOT NULL AUTO_INCREMENT,
  `nama` varchar(50) NOT NULL,
  `lokasi` varchar(50) NOT NULL,
  `nilai` bigint(20) NOT NULL,
  `deskripsi` varchar(200) NOT NULL,
  `tanggal` date NOT NULL,
  `status` varchar(10) NOT NULL,
  `saldo` bigint(20) NOT NULL,
  `isDeleted` tinyint(1) NOT NULL,
  `PICID` varchar(10) NOT NULL,
  `createdOn` timestamp NOT NULL DEFAULT CURRENT_TIMESTAMP,
  `changedOn` timestamp NOT NULL DEFAULT '0000-00-00 00:00:00',
  `createdBy` varchar(50) NOT NULL,
  PRIMARY KEY (`proyekID`)
) ENGINE=MyISAM AUTO_INCREMENT=91 DEFAULT CHARSET=latin1;
/*!40101 SET character_set_client = @saved_cs_client */;

--
-- Dumping data for table `project`
--

/*!40000 ALTER TABLE `project` DISABLE KEYS */;
INSERT INTO `project` VALUES (76,'Line AHM','Cikampek',8000000000000,'Produksi Motor','2014-06-16','Open',0,1,'arief','2014-06-16 04:45:55','2016-02-28 06:17:29','arief'),(77,'Biodisel','Gas Engine ITB',10000000000000,'Pengembangan biodisel dari kentut','2014-06-24','Open',0,1,'iman','2014-06-16 05:02:10','2016-02-28 06:17:46','iman'),(78,'Test Fuel Additive','Sunter',900000000,'test di innova','2014-06-24','Open',0,1,'iyus','2014-06-16 06:28:35','2016-02-28 06:18:02','iyus'),(79,'VISCOMETER','Petrolab',5000000,'Finishing Pembuatan Viscometer','2015-04-20','Open',0,0,'faris','2015-04-29 16:36:14','2015-04-29 16:36:14','galih'),(80,'ROBOTINO','TELKOM',5000000,'ROBOTINO - GRIPPER','2015-04-16','Open',0,0,'faris','2015-04-29 23:51:57','2015-04-29 23:51:57','faris'),(81,'Camera Mounting','Balikpapan',10000000,'','2016-01-27','Open',0,0,'galih','2016-01-27 13:57:01','2016-01-27 13:57:01','galih'),(82,'Homat V1.0','Salatiga',2000000,'Home Automation V1.0','2015-11-01','Open',0,0,'faris','2016-02-28 05:48:22','2016-02-28 06:19:57','faris'),(83,'Homat V2.0','Salatiga - Jakarta',2000000,'Homat V2.0 w/ IoT','2016-02-28','Open',0,0,'faris','2016-02-28 06:05:51','2016-02-28 06:20:06','faris'),(84,'AGV Prototyping','Salatiga',10000000,'Development AGV Prototyping','2016-02-28','Open',0,0,'faris','2016-02-28 06:10:03','2016-02-28 06:20:17','faris'),(85,'Order Casing Bizsmart','Salatiga - Jakarta',2000000,'Order 5 pcs Casing for Automation','2016-02-28','Open',0,0,'faris','2016-02-28 06:12:19','2016-02-28 06:21:29','faris'),(86,'Gading Marteen','Salatiga',3000000,'Bantuin Galih','2016-05-13','Open',0,0,'faris','2016-05-14 15:11:40','2016-05-14 15:11:40','faris'),(87,'Arm Perjuangan','Salatiga',0,'','2016-09-25','Open',0,0,'faris','2016-09-25 12:58:55','2016-09-25 12:58:55','faris'),(88,'Camera Slider','Salatiga',1000000,'Buat Kamera','2016-10-10','Open',0,0,'faris','2016-10-27 06:18:55','2016-10-27 06:18:55','faris'),(89,'','',0,'','0000-00-00','Open',0,1,'','2016-10-27 06:19:01','2016-10-27 06:19:32','faris'),(90,'Camera Slider','Salatiga',1000000,'','2016-10-03','Open',0,1,'faris','2016-10-27 06:19:28','2016-10-27 06:19:49','faris');
/*!40000 ALTER TABLE `project` ENABLE KEYS */;

--
-- Table structure for table `team_member`
--

DROP TABLE IF EXISTS `team_member`;
/*!40101 SET @saved_cs_client     = @@character_set_client */;
/*!40101 SET character_set_client = utf8 */;
CREATE TABLE `team_member` (
  `temID` int(11) NOT NULL AUTO_INCREMENT,
  `proyekID` int(11) NOT NULL,
  `member` varchar(50) NOT NULL,
  `user_id` int(11) NOT NULL,
  PRIMARY KEY (`temID`)
) ENGINE=MyISAM AUTO_INCREMENT=204 DEFAULT CHARSET=latin1;
/*!40101 SET character_set_client = @saved_cs_client */;

--
-- Dumping data for table `team_member`
--

/*!40000 ALTER TABLE `team_member` DISABLE KEYS */;
INSERT INTO `team_member` VALUES (177,79,'lujeng',0),(178,79,'galih',0),(179,80,'faris',0),(180,81,'joko',0),(189,82,'faris',0),(190,82,'faisal',0),(191,83,'faris',0),(192,83,'faisal',0),(193,84,'faris',0),(194,84,'faisal',0),(195,85,'faris',0),(196,85,'faisal',0),(197,86,'joko',0),(198,86,'faisal',0),(199,87,'faisal',0),(200,88,'faris',0),(201,88,'faisal',0);
/*!40000 ALTER TABLE `team_member` ENABLE KEYS */;

--
-- Table structure for table `transaksi`
--

DROP TABLE IF EXISTS `transaksi`;
/*!40101 SET @saved_cs_client     = @@character_set_client */;
/*!40101 SET character_set_client = utf8 */;
CREATE TABLE `transaksi` (
  `transaksiID` int(11) NOT NULL AUTO_INCREMENT,
  `proyekID` int(11) NOT NULL,
  `tanggal` date NOT NULL,
  `deskripsi` varchar(100) NOT NULL,
  `tipe` varchar(15) NOT NULL,
  `nilai` bigint(20) NOT NULL,
  `bukti` varchar(50) NOT NULL,
  `approval` varchar(5) NOT NULL,
  `saldoawal` bigint(20) NOT NULL,
  `saldoakhir` bigint(20) NOT NULL,
  `createdOn` datetime NOT NULL,
  `createdBy` varchar(50) NOT NULL,
  `changedOn` datetime NOT NULL,
  `isDeleted` int(11) NOT NULL,
  `jenis` varchar(3) NOT NULL,
  `deletedOn` datetime NOT NULL,
  PRIMARY KEY (`transaksiID`)
) ENGINE=MyISAM AUTO_INCREMENT=370 DEFAULT CHARSET=latin1;
/*!40101 SET character_set_client = @saved_cs_client */;

--
-- Dumping data for table `transaksi`
--

/*!40000 ALTER TABLE `transaksi` DISABLE KEYS */;
INSERT INTO `transaksi` VALUES (87,76,'2014-06-18','Uang muka proyek','KRE',4000000000000,'K01','1',0,0,'2014-06-16 11:46:49','arief','2014-06-16 11:46:49',0,'REN','0000-00-00 00:00:00'),(88,76,'2014-06-22','Pinjaman dari bank Artosloba','KRE',2000000000000,'K02','1',0,0,'2014-06-16 11:47:33','arief','2014-06-16 11:47:33',0,'REN','0000-00-00 00:00:00'),(89,76,'2014-06-24','Pembelian Baja','DEB',200000000,'D01','1',0,0,'2014-06-16 11:49:31','galih','2014-06-16 11:49:31',0,'MEC','0000-00-00 00:00:00'),(90,76,'2014-06-25','Pembelian Beton','DEB',900000000,'D02','1',0,0,'2014-06-16 11:50:05','galih','2014-06-16 11:50:05',0,'MEC','0000-00-00 00:00:00'),(91,76,'2014-06-24','Suntikan dana hibah','KRE',10000000000,'KGG01','1',0,0,'2014-06-16 11:51:17','galih','2014-06-16 11:51:17',0,'REN','0000-00-00 00:00:00'),(92,76,'2014-07-01','Transfer dari proyek  oleh iman kepada galih | hibah','KRE',90000000000,'TIK01','1',0,0,'2014-06-16 11:54:33','galih','2014-06-16 11:54:33',0,'TRF','0000-00-00 00:00:00'),(93,0,'2014-07-01','Transfer ke proyek Line AHM oleh iman kepada galih | hibah','DEB',90000000000,'TIK01','1',0,0,'2014-06-16 11:54:33','iman','2014-06-16 11:54:33',0,'TRF','0000-00-00 00:00:00'),(94,76,'2014-06-23','Transfer dari proyek Biodisel oleh iman kepada galih | Suntik dong buat kenalpot','KRE',90000000,'TIK02','1',0,0,'2014-06-16 12:03:17','galih','2014-06-16 12:04:44',0,'TRF','0000-00-00 00:00:00'),(95,77,'2014-06-23','Transfer ke proyek Line AHM oleh iman kepada galih | Suntik dong buat kenalpot','DEB',90000000,'TIK02','1',0,0,'2014-06-16 12:03:17','iman','2014-06-16 12:04:44',0,'TRF','0000-00-00 00:00:00'),(96,0,'2014-06-18','test','DEB',923042,'sdofjdf','1',0,0,'2014-06-16 13:30:13','iyus','2014-06-16 13:30:13',0,'AKO','0000-00-00 00:00:00'),(97,77,'2014-06-25','Transfer dari proyek Line AHM oleh robi kepada peres | suntik lagi','KRE',90000,'asdfa','1',0,0,'2014-06-16 13:35:31','peres','2014-06-16 13:35:31',0,'TRF','0000-00-00 00:00:00'),(98,76,'2014-06-25','Transfer ke proyek Biodisel oleh robi kepada peres | suntik lagi','DEB',90000,'asdfa','1',0,0,'2014-06-16 13:35:31','robi','2014-06-16 13:35:31',0,'TRF','0000-00-00 00:00:00'),(99,77,'2014-06-26','Transfer dari proyek Line AHM oleh tanti kepada tanti | asdfsef','KRE',23423423423,'2342423423','1',0,0,'2014-06-16 17:35:29','tanti','2014-06-16 17:35:29',0,'TRF','0000-00-00 00:00:00'),(100,76,'2014-06-26','Transfer ke proyek Biodisel oleh tanti kepada tanti | asdfsef','DEB',23423423423,'2342423423','1',0,0,'2014-06-16 17:35:29','tanti','2014-06-16 17:35:29',0,'TRF','0000-00-00 00:00:00'),(101,78,'2014-06-09','Transfer dari proyek Line AHM oleh tanti kepada tanti | sadfsdf','KRE',324234234,'sdafawefw','1',0,0,'2014-06-16 17:36:32','tanti','2014-06-16 17:36:32',0,'TRF','0000-00-00 00:00:00'),(102,76,'2014-06-09','Transfer ke proyek Test Fuel Additive oleh tanti kepada tanti | sadfsdf','DEB',324234234,'sdafawefw','1',0,0,'2014-06-16 17:36:32','tanti','2014-06-16 17:36:32',0,'TRF','0000-00-00 00:00:00'),(103,79,'2015-04-27','Belanja Kedua','KRE',2500000,'','1',0,0,'0000-00-00 00:00:00','galih','2015-04-29 16:38:40',0,'CON','0000-00-00 00:00:00'),(104,79,'2015-04-29','Belanja Ketiga','KRE',1500000,'','1',0,0,'0000-00-00 00:00:00','galih','2015-04-29 16:39:31',0,'MEC','0000-00-00 00:00:00'),(105,79,'2015-04-28','Belanja Valve, neaple, hose','DEB',1220000,'RR Jaya','1',0,0,'0000-00-00 00:00:00','galih','2015-04-29 16:41:47',0,'MEC','0000-00-00 00:00:00'),(106,79,'2015-04-28','Komponen Terminal Blok dll.','DEB',15000,'Duta Irama 004524','1',0,0,'0000-00-00 00:00:00','galih','2015-04-29 16:42:43',0,'CON','0000-00-00 00:00:00'),(107,79,'2015-04-28','Komponen Elektrik','DEB',92750,'I-want 366157','1',0,0,'0000-00-00 00:00:00','galih','2015-04-29 16:43:45',0,'CON','0000-00-00 00:00:00'),(108,79,'2015-04-28','Adaptor 12 Volt 5A','DEB',155000,'Jaya Plaza(Buktinya ketinggalan)','1',0,0,'0000-00-00 00:00:00','galih','2015-04-29 16:44:38',0,'CON','0000-00-00 00:00:00'),(109,79,'2015-04-29','Adaptor neaple','DEB',15000,'Sukma Niaga 01','1',0,0,'0000-00-00 00:00:00','galih','2015-04-29 16:45:53',0,'MEC','0000-00-00 00:00:00'),(110,79,'2015-04-29','Vaccuum Pump + Seal Tape','DEB',723500,'Sukma Niaga 02','1',0,0,'0000-00-00 00:00:00','galih','2015-04-29 16:46:42',0,'MEC','0000-00-00 00:00:00'),(111,79,'2015-04-29','Fitting Neaple Hose','DEB',30000,'Prima Teknik 00279','1',0,0,'0000-00-00 00:00:00','galih','2015-04-29 16:47:33',0,'MEC','0000-00-00 00:00:00'),(112,79,'2015-04-22','Belanja Pertama','DEB',300000,'','1',0,0,'0000-00-00 00:00:00','faris','2015-04-29 23:10:43',1,'CON','2015-04-29 23:10:52'),(113,79,'2015-04-22','Belanja Pertama','KRE',300000,'','1',0,0,'0000-00-00 00:00:00','faris','2015-04-29 23:11:10',0,'CON','0000-00-00 00:00:00'),(114,79,'2015-04-28','Duta Irama - Komponen','DEB',73000,'','1',0,0,'0000-00-00 00:00:00','faris','2015-04-29 23:12:55',0,'CON','0000-00-00 00:00:00'),(115,79,'2015-04-23','Central - Jumper 5 warna','DEB',8500,'','1',0,0,'0000-00-00 00:00:00','faris','2015-04-29 23:13:38',0,'CON','0000-00-00 00:00:00'),(116,79,'2015-04-23','TUlus - Komponen','DEB',42000,'','1',0,0,'0000-00-00 00:00:00','faris','2015-04-29 23:14:05',0,'CON','0000-00-00 00:00:00'),(117,79,'2015-04-23','SPBU','DEB',27778,'','1',0,0,'0000-00-00 00:00:00','faris','2015-04-29 23:14:36',0,'TRA','0000-00-00 00:00:00'),(118,79,'2015-04-23','SELC- Relay','DEB',65730,'','1',0,0,'0000-00-00 00:00:00','faris','2015-04-29 23:15:17',0,'CON','0000-00-00 00:00:00'),(119,79,'2015-04-23','SELC - Header','DEB',7980,'','1',0,0,'0000-00-00 00:00:00','faris','2015-04-29 23:15:45',0,'CON','0000-00-00 00:00:00'),(120,79,'2015-04-23','Central Electronics - Header','DEB',18000,'','1',0,0,'0000-00-00 00:00:00','faris','2015-04-29 23:16:19',0,'CON','0000-00-00 00:00:00'),(121,79,'2015-04-23','IWANT - Komponen','DEB',26925,'','1',0,0,'0000-00-00 00:00:00','faris','2015-04-29 23:16:56',0,'CON','0000-00-00 00:00:00'),(122,79,'2015-04-28','DP PCB','DEB',300000,'','1',0,0,'0000-00-00 00:00:00','faris','2015-04-29 23:19:16',0,'CON','0000-00-00 00:00:00'),(123,79,'2015-04-28','SPBU','DEB',28046,'','1',0,0,'0000-00-00 00:00:00','faris','2015-04-29 23:21:40',0,'TRA','0000-00-00 00:00:00'),(124,80,'2015-04-28','PCB','DEB',50000,'','1',0,0,'0000-00-00 00:00:00','faris','2015-04-29 23:52:27',0,'CON','0000-00-00 00:00:00'),(125,80,'2015-04-30','ATTINY45','DEB',20000,'','1',0,0,'0000-00-00 00:00:00','faris','2015-04-30 00:07:48',0,'CON','0000-00-00 00:00:00'),(126,80,'2015-04-30','Dudukan IC 8 Pin','DEB',1000,'','1',0,0,'0000-00-00 00:00:00','faris','2015-04-30 00:08:52',0,'CON','0000-00-00 00:00:00'),(127,80,'2015-04-30','LED 5mm','DEB',350,'','1',0,0,'0000-00-00 00:00:00','faris','2015-04-30 00:11:02',0,'CON','0000-00-00 00:00:00'),(128,80,'2015-04-30','Resistors','DEB',1000,'','1',0,0,'0000-00-00 00:00:00','faris','2015-04-30 00:12:32',0,'CON','0000-00-00 00:00:00'),(129,80,'2015-04-30','Screw Terminal','DEB',5000,'','1',0,0,'0000-00-00 00:00:00','faris','2015-04-30 00:14:33',0,'CON','0000-00-00 00:00:00'),(130,80,'2015-04-30','Regulator 7805+heatsink','DEB',6000,'','1',0,0,'0000-00-00 00:00:00','faris','2015-04-30 00:16:35',0,'CON','0000-00-00 00:00:00'),(131,80,'2015-04-30','Capacitors & Zener','DEB',3000,'','1',0,0,'0000-00-00 00:00:00','faris','2015-04-30 00:17:12',0,'CON','0000-00-00 00:00:00'),(132,80,'2015-04-30','TRIMPOT MULTITURN','DEB',5000,'','1',0,0,'0000-00-00 00:00:00','faris','2015-04-30 00:20:18',0,'CON','0000-00-00 00:00:00'),(133,79,'2015-04-28','Bensin Galih','DEB',30000,'SPBU Panghegar 348','1',0,0,'0000-00-00 00:00:00','galih','2015-04-30 01:35:57',0,'TRA','0000-00-00 00:00:00'),(134,79,'2015-04-28','Parkir Galih','DEB',2000,'G03907','1',0,0,'0000-00-00 00:00:00','galih','2015-04-30 01:36:29',0,'TRA','0000-00-00 00:00:00'),(135,79,'2015-04-28','Parkir Faris','DEB',2000,'G03908','1',0,0,'0000-00-00 00:00:00','galih','2015-04-30 01:36:57',0,'TRA','0000-00-00 00:00:00'),(136,79,'2015-04-29','ATMEGA328','DEB',169000,'BUKALAPAK','1',0,0,'0000-00-00 00:00:00','galih','2015-04-30 01:58:33',0,'CON','0000-00-00 00:00:00'),(137,80,'2015-04-30','Regulator 2596 (opt)','DEB',16000,'','1',0,0,'0000-00-00 00:00:00','faris','2015-04-30 02:00:58',0,'CON','0000-00-00 00:00:00'),(138,79,'2015-04-25','Terminal Skun','DEB',48000,'Duta Irama 013000','1',0,0,'0000-00-00 00:00:00','galih','2015-04-30 02:08:13',0,'CON','0000-00-00 00:00:00'),(139,79,'2015-04-30','Sumbangan faris','KRE',9,'','1',0,0,'0000-00-00 00:00:00','faris','2015-04-30 07:30:42',1,'REN','2015-05-04 08:58:58'),(140,79,'2015-04-30','','DEB',22000,'','1',0,0,'0000-00-00 00:00:00','faris','2015-04-30 06:35:19',0,'CON','0000-00-00 00:00:00'),(141,79,'2015-04-30','Parkir','DEB',1500,'','1',0,0,'0000-00-00 00:00:00','faris','2015-04-30 06:36:09',0,'TRA','0000-00-00 00:00:00'),(142,80,'2015-04-30','Usb to ttl','DEB',25000,'','1',0,0,'0000-00-00 00:00:00','faris','2015-04-30 06:38:07',1,'CON','2015-04-30 07:13:26'),(143,79,'2015-04-30','Usb to ttl','DEB',25000,'','1',0,0,'0000-00-00 00:00:00','faris','2015-04-30 07:15:11',0,'CON','0000-00-00 00:00:00'),(144,79,'2015-04-30','Psu 12 volt','DEB',155000,'Sansui elektronik','1',0,0,'0000-00-00 00:00:00','faris','2015-04-30 07:17:40',1,'CON','2015-04-30 07:24:03'),(145,79,'2015-04-30','Kabel dan terminal','DEB',181700,'Dios 0000466','1',0,0,'0000-00-00 00:00:00','faris','2015-04-30 07:19:18',0,'CON','0000-00-00 00:00:00'),(146,79,'2015-04-30','Cable tie','DEB',24000,'Dios 0000468','1',0,0,'0000-00-00 00:00:00','faris','2015-04-30 07:20:18',0,'CON','0000-00-00 00:00:00'),(147,79,'2015-04-30','Soket AC','DEB',12500,'Lotus elektronik','1',0,0,'0000-00-00 00:00:00','faris','2015-04-30 07:21:19',0,'CON','0000-00-00 00:00:00'),(148,79,'2015-04-30','Sekrup dan fuse','DEB',6500,'Sinar makmur','1',0,0,'0000-00-00 00:00:00','faris','2015-04-30 07:22:13',0,'CON','0000-00-00 00:00:00'),(149,79,'2015-04-30','Sambungan L akuarium','DEB',5000,'Gampang Ingat 04699','1',0,0,'0000-00-00 00:00:00','faris','2015-04-30 07:23:11',0,'MEC','0000-00-00 00:00:00'),(150,79,'2015-04-30','','DEB',4000,'Jp c08097 & c04850','1',0,0,'0000-00-00 00:00:00','faris','2015-04-30 07:34:20',0,'TRA','0000-00-00 00:00:00'),(151,79,'2015-04-23','Parkir galih','DEB',2000,'C18406','1',0,0,'0000-00-00 00:00:00','faris','2015-04-30 07:35:54',0,'TRA','0000-00-00 00:00:00'),(152,79,'2015-04-30','Spbu faris','DEB',27454,'','1',0,0,'0000-00-00 00:00:00','faris','2015-04-30 10:52:21',0,'TRA','0000-00-00 00:00:00'),(153,79,'2015-05-02','ATMEGA','DEB',85000,'I-WANT 366353','1',0,0,'0000-00-00 00:00:00','galih','2015-05-03 04:49:03',0,'CON','0000-00-00 00:00:00'),(154,79,'2015-05-02','Control Valve','DEB',50000,'RR Jaya','1',0,0,'0000-00-00 00:00:00','galih','2015-05-03 04:49:36',0,'MEC','0000-00-00 00:00:00'),(155,79,'2015-05-02','SPBU Galih','DEB',50000,'SPBU 7826','1',0,0,'0000-00-00 00:00:00','galih','2015-05-03 04:51:36',0,'TRA','0000-00-00 00:00:00'),(156,79,'2015-05-04','Apt ball valve kleman selang','DEB',57000,'','1',0,0,'0000-00-00 00:00:00','faris','2015-05-04 08:38:05',0,'MEC','0000-00-00 00:00:00'),(157,79,'2015-05-04','Sukma niaga ','DEB',27000,'','1',0,0,'0000-00-00 00:00:00','faris','2015-05-04 08:38:50',0,'MEC','0000-00-00 00:00:00'),(158,79,'2015-05-04','Prima teknik','DEB',31000,'','1',0,0,'0000-00-00 00:00:00','faris','2015-05-04 08:39:36',0,'MEC','0000-00-00 00:00:00'),(159,79,'2015-05-04','Hafele','DEB',47500,'','1',0,0,'0000-00-00 00:00:00','faris','2015-05-04 08:40:35',0,'MEC','0000-00-00 00:00:00'),(160,79,'2015-05-04','Prima teknik fitting','DEB',30000,'','1',0,0,'0000-00-00 00:00:00','faris','2015-05-04 08:41:17',0,'MEC','0000-00-00 00:00:00'),(161,79,'2015-05-02','Central box header female','DEB',23100,'','1',0,0,'0000-00-00 00:00:00','faris','2015-05-04 08:49:41',0,'CON','0000-00-00 00:00:00'),(162,79,'2015-05-04','Central electronic','DEB',34400,'','1',0,0,'0000-00-00 00:00:00','faris','2015-05-04 08:50:36',0,'CON','0000-00-00 00:00:00'),(163,79,'2015-05-04','Iwant elektronik ','DEB',20750,'366423','1',0,0,'0000-00-00 00:00:00','faris','2015-05-04 08:53:09',0,'CON','0000-00-00 00:00:00'),(164,79,'2015-05-04','Iwant elektronik hdr','DEB',3750,'366418','1',0,0,'0000-00-00 00:00:00','faris','2015-05-04 08:53:55',0,'CON','0000-00-00 00:00:00'),(165,79,'2015-05-04','Cipta mandiri elektronik','DEB',19500,'1873','1',0,0,'0000-00-00 00:00:00','faris','2015-05-04 08:54:44',0,'CON','0000-00-00 00:00:00'),(166,79,'2015-05-02','Parkir motor','DEB',2000,'','1',0,0,'0000-00-00 00:00:00','faris','2015-05-04 08:55:10',0,'TRA','0000-00-00 00:00:00'),(167,79,'2015-05-04','Parkir motor','DEB',2000,'','1',0,0,'0000-00-00 00:00:00','faris','2015-05-04 08:56:14',0,'TRA','0000-00-00 00:00:00'),(168,79,'2015-05-05','Baut Mur 3MM','DEB',5000,'PD. AGUNG TEKNIK','1',0,0,'0000-00-00 00:00:00','galih','2015-05-05 12:07:48',0,'MEC','0000-00-00 00:00:00'),(169,79,'2015-05-05','MATA BOR','DEB',17500,'CAPITOL','1',0,0,'0000-00-00 00:00:00','galih','2015-05-05 12:08:24',0,'MEC','0000-00-00 00:00:00'),(170,79,'2015-05-05','SOLASI KABEL','DEB',7500,'SUMBER REJEKI','1',0,0,'0000-00-00 00:00:00','galih','2015-05-05 12:09:10',0,'CON','0000-00-00 00:00:00'),(171,79,'2015-05-05','PINJAMAN GALIH','KRE',100000,'','1',0,0,'0000-00-00 00:00:00','galih','2015-05-05 12:09:46',0,'REN','0000-00-00 00:00:00'),(172,79,'2015-05-05','PINJAMAN FARIS','KRE',100000,'','1',0,0,'0000-00-00 00:00:00','galih','2015-05-05 12:10:07',0,'REN','0000-00-00 00:00:00'),(173,79,'2015-05-05','PELUNASAN PCB','DEB',430000,'SPECTRA','1',0,0,'0000-00-00 00:00:00','galih','2015-05-05 12:10:35',0,'CON','0000-00-00 00:00:00'),(174,80,'2015-05-09','Timah Solder Dekko','DEB',20000,'','1',0,0,'0000-00-00 00:00:00','faris','2015-05-09 04:19:34',0,'CON','0000-00-00 00:00:00'),(175,80,'2015-05-09','Desain Servo Driver','DEB',100000,'','1',0,0,'0000-00-00 00:00:00','faris','2015-05-12 17:33:16',1,'CON','2015-05-16 08:05:35'),(176,80,'2015-05-09','Schematic to Board Servo Driver','DEB',100000,'','1',0,0,'0000-00-00 00:00:00','faris','2015-05-09 04:22:00',1,'CON','2015-05-16 08:05:27'),(177,80,'2015-05-09','Software Servo Driver','DEB',100000,'','1',0,0,'0000-00-00 00:00:00','faris','2015-05-09 04:22:41',1,'CON','2015-05-16 08:05:44'),(178,80,'2015-05-09','Desain Struktur','DEB',50000,'','1',0,0,'0000-00-00 00:00:00','faris','2015-05-12 17:33:40',1,'MEC','2015-05-16 08:08:54'),(179,79,'2015-05-08','Tukar tambah valve','KRE',775000,'RR Jaya','1',0,0,'0000-00-00 00:00:00','galih','2015-05-11 15:56:02',0,'MEC','0000-00-00 00:00:00'),(180,79,'2015-05-08','Tukar Tambah Valve','DEB',900000,'RR JAYA','1',0,0,'0000-00-00 00:00:00','galih','2015-05-11 15:56:36',0,'MEC','0000-00-00 00:00:00'),(181,79,'2015-05-08','Box 10','DEB',4000,'Central','1',0,0,'0000-00-00 00:00:00','galih','2015-05-11 15:57:17',0,'CON','0000-00-00 00:00:00'),(182,79,'2015-05-08','Pinjaman Galih','KRE',50000,'Galih','1',0,0,'0000-00-00 00:00:00','galih','2015-05-11 15:58:05',0,'REN','0000-00-00 00:00:00'),(183,79,'2015-05-08','LCD 16x2','DEB',45000,'IWANT 366785','1',0,0,'0000-00-00 00:00:00','galih','2015-05-11 15:58:44',0,'CON','0000-00-00 00:00:00'),(184,79,'2015-05-08','Komponen Connector','DEB',8000,'Duta Irama 005882','1',0,0,'0000-00-00 00:00:00','galih','2015-05-11 15:59:31',0,'CON','0000-00-00 00:00:00'),(185,79,'2015-05-08','Pinjam Galih','KRE',60000,'','1',0,0,'0000-00-00 00:00:00','galih','2015-05-11 16:01:56',0,'REN','0000-00-00 00:00:00'),(186,79,'2015-05-08','PCB RELAY','DEB',59500,'Spectra 12511','1',0,0,'0000-00-00 00:00:00','galih','2015-05-11 16:02:27',0,'CON','0000-00-00 00:00:00'),(187,80,'2015-05-13','Single turn trimpot x2','DEB',7000,'','1',0,0,'0000-00-00 00:00:00','faris','2015-05-12 17:18:59',0,'CON','0000-00-00 00:00:00'),(188,80,'2015-05-13','Socket IC 8 pin','DEB',500,'','1',0,0,'0000-00-00 00:00:00','faris','2015-05-12 17:19:36',0,'CON','0000-00-00 00:00:00'),(189,80,'2015-05-13','(KIT) ATTINY 45 *2','DEB',40000,'','1',0,0,'0000-00-00 00:00:00','faris','2015-05-12 17:22:49',0,'CON','0000-00-00 00:00:00'),(190,80,'2015-05-13','(KIT) Socket IC 8 pin x2','DEB',1000,'','1',0,0,'0000-00-00 00:00:00','faris','2015-05-12 17:24:13',0,'CON','0000-00-00 00:00:00'),(191,80,'2015-05-13','(KIT) Resistor 220 x2','DEB',200,'','1',0,0,'0000-00-00 00:00:00','faris','2015-05-12 17:25:29',0,'CON','0000-00-00 00:00:00'),(192,80,'2015-05-13','(KIT) Resistor 10K 0603 x4','DEB',400,'','1',0,0,'0000-00-00 00:00:00','faris','2015-05-12 17:26:05',0,'CON','0000-00-00 00:00:00'),(193,80,'2015-05-13','(KIT) Header male 3 pin x2','DEB',1600,'','1',0,0,'0000-00-00 00:00:00','faris','2015-05-12 17:26:53',0,'CON','0000-00-00 00:00:00'),(194,80,'2015-05-13','Header Male 3 pin','DEB',800,'','1',0,0,'0000-00-00 00:00:00','faris','2015-05-12 17:27:15',0,'CON','0000-00-00 00:00:00'),(195,80,'2015-05-13','(KIT) LED GREEN x2','DEB',1000,'','1',0,0,'0000-00-00 00:00:00','faris','2015-05-12 17:28:39',0,'CON','0000-00-00 00:00:00'),(196,80,'2015-05-13','LED GREEN non kit','DEB',500,'','1',0,0,'0000-00-00 00:00:00','faris','2015-05-12 17:29:21',0,'CON','0000-00-00 00:00:00'),(197,79,'2015-05-13','Bayar pinjaman faris','DEB',160000,'','1',0,0,'0000-00-00 00:00:00','faris','2015-05-13 08:11:37',0,'REN','0000-00-00 00:00:00'),(198,79,'2015-05-13','Belanja Keempat','KRE',1000000,'','1',0,0,'0000-00-00 00:00:00','galih','2015-05-13 09:46:16',0,'REN','0000-00-00 00:00:00'),(199,79,'2015-05-12','Baut M5','DEB',6000,'Tira Sakti','1',0,0,'0000-00-00 00:00:00','galih','2015-05-13 09:47:21',0,'MEC','0000-00-00 00:00:00'),(200,79,'2015-05-12','Mata Bpr Nachi 5 mm','DEB',29500,'Tira Sakti','1',0,0,'0000-00-00 00:00:00','galih','2015-05-13 09:47:58',0,'MEC','0000-00-00 00:00:00'),(201,79,'2015-05-13','Speed Control','DEB',204000,'RR.Jaya','1',0,0,'0000-00-00 00:00:00','galih','2015-05-13 09:48:52',0,'MEC','0000-00-00 00:00:00'),(202,79,'2015-05-13','Kaki Karet','DEB',20000,'Rutan Karet','1',0,0,'0000-00-00 00:00:00','galih','2015-05-13 09:51:16',0,'MEC','0000-00-00 00:00:00'),(203,79,'2015-05-13','Baut 3 mm L','DEB',26000,'Sampurna Teknik','1',0,0,'0000-00-00 00:00:00','galih','2015-05-13 09:52:57',0,'MEC','0000-00-00 00:00:00'),(204,79,'2015-05-13','Klem Hanger','DEB',9500,'Sampurna Teknik','1',0,0,'0000-00-00 00:00:00','galih','2015-05-13 09:52:15',0,'MEC','0000-00-00 00:00:00'),(205,79,'2015-05-13','Bayar Pinjam Galih','DEB',150000,'Galih','1',0,0,'0000-00-00 00:00:00','galih','2015-05-13 09:57:11',0,'REN','0000-00-00 00:00:00'),(206,79,'2015-05-13','Parkir faris. asia afrika','DEB',2500,'','1',0,0,'0000-00-00 00:00:00','faris','2015-05-13 12:06:37',0,'TRA','0000-00-00 00:00:00'),(207,79,'2015-05-13','Parkir faris cikapundung','DEB',3000,'','1',0,0,'0000-00-00 00:00:00','faris','2015-05-13 12:06:59',0,'TRA','0000-00-00 00:00:00'),(208,79,'2015-05-05','SPBU faris ','DEB',25056,'','1',0,0,'0000-00-00 00:00:00','faris','2015-05-13 12:07:35',0,'TRA','0000-00-00 00:00:00'),(209,79,'2015-05-12','SPBU faris','DEB',23909,'','1',0,0,'0000-00-00 00:00:00','faris','2015-05-13 12:08:06',0,'TRA','0000-00-00 00:00:00'),(210,79,'2015-05-15','Bensin Faris','DEB',20000,'SPBU 650470','1',0,0,'0000-00-00 00:00:00','galih','2015-05-15 10:23:26',0,'TRA','0000-00-00 00:00:00'),(211,79,'2015-05-15','Komponen Anam','DEB',34000,'Anam 183329','1',0,0,'0000-00-00 00:00:00','galih','2015-05-15 10:23:56',0,'CON','0000-00-00 00:00:00'),(212,79,'2015-05-14','Pelat Baja 1 mm','DEB',70000,'Triyandi Putra','1',0,0,'0000-00-00 00:00:00','galih','2015-05-15 10:24:32',0,'MEC','0000-00-00 00:00:00'),(213,79,'2015-05-15','Siku Alumunium','DEB',60000,'Triyandi Putra','1',0,0,'0000-00-00 00:00:00','galih','2015-05-15 10:25:02',0,'MEC','0000-00-00 00:00:00'),(214,79,'2015-05-14','Ring M6','DEB',5000,'PD. Lugina','1',0,0,'0000-00-00 00:00:00','galih','2015-05-15 10:26:41',0,'MEC','0000-00-00 00:00:00'),(215,79,'2015-05-15','DP Laser Plat','DEB',50000,'Click','1',0,0,'0000-00-00 00:00:00','galih','2015-05-16 07:05:30',0,'MEC','0000-00-00 00:00:00'),(216,79,'2015-05-16','Kran + Nepel','DEB',20000,'H. Astari','1',0,0,'0000-00-00 00:00:00','galih','2015-05-16 07:06:01',0,'MEC','0000-00-00 00:00:00'),(217,79,'2015-05-16','Mur Heater','DEB',20000,'Barkah Kencana','1',0,0,'0000-00-00 00:00:00','galih','2015-05-16 07:06:41',0,'MEC','0000-00-00 00:00:00'),(218,79,'2015-05-16','Batu Grinda + Mur Neaple','DEB',30000,'Lestari Teknik','1',0,0,'0000-00-00 00:00:00','galih','2015-05-16 07:07:37',0,'MEC','0000-00-00 00:00:00'),(219,79,'2015-05-16','Plat 0.2 mm','DEB',15000,'Sumber Rejeki Logam','1',0,0,'0000-00-00 00:00:00','galih','2015-05-16 07:08:26',0,'MEC','0000-00-00 00:00:00'),(220,79,'2015-05-16','Karet','DEB',40000,'Rahayu Teknik','1',0,0,'0000-00-00 00:00:00','galih','2015-05-16 07:09:01',0,'MEC','0000-00-00 00:00:00'),(221,79,'2015-05-16','Selang','DEB',35000,'APT','1',0,0,'0000-00-00 00:00:00','galih','2015-05-16 07:09:34',0,'MEC','0000-00-00 00:00:00'),(222,79,'2015-05-16','Pinjaman Galih','KRE',100000,'Galih','1',0,0,'0000-00-00 00:00:00','galih','2015-05-16 07:10:04',0,'REN','0000-00-00 00:00:00'),(223,80,'2015-05-15','Anam','DEB',22000,'','1',0,0,'0000-00-00 00:00:00','faris','2015-05-16 07:47:27',0,'CON','0000-00-00 00:00:00'),(224,79,'2015-05-20','Pinjaman Galih','KRE',450000,'','1',0,0,'0000-00-00 00:00:00','galih','2015-05-20 12:48:56',0,'REN','0000-00-00 00:00:00'),(225,79,'2015-05-20','Nylon MC 20 mm','DEB',65000,'Mekar Teknik','1',0,0,'0000-00-00 00:00:00','galih','2015-05-20 12:39:47',0,'MEC','0000-00-00 00:00:00'),(226,79,'2015-05-20','Matabor 4.5 mm','DEB',10000,'Capitol','1',0,0,'0000-00-00 00:00:00','galih','2015-05-20 12:40:18',0,'MEC','0000-00-00 00:00:00'),(227,79,'2015-05-20','Jasa Dril Poros','DEB',20000,'PD. Dua Saudara','1',0,0,'0000-00-00 00:00:00','galih','2015-05-20 12:41:13',0,'MEC','0000-00-00 00:00:00'),(228,79,'2015-05-20','Mur Baut','DEB',22500,'Sampurna Teknik','1',0,0,'0000-00-00 00:00:00','galih','2015-05-20 12:41:47',0,'MEC','0000-00-00 00:00:00'),(229,79,'2015-05-20','Tarikan Pintu','DEB',15000,'Toko Besi IRON','1',0,0,'0000-00-00 00:00:00','galih','2015-05-20 12:42:34',0,'MEC','0000-00-00 00:00:00'),(230,79,'2015-05-20','PVC dan LEM','DEB',39500,'KJ 10954','1',0,0,'0000-00-00 00:00:00','galih','2015-05-20 12:43:22',0,'MEC','0000-00-00 00:00:00'),(231,79,'2015-05-20','Las Baut','DEB',25000,'Bengkel Las Nurani','1',0,0,'0000-00-00 00:00:00','galih','2015-05-20 12:43:54',0,'MEC','0000-00-00 00:00:00'),(232,79,'2015-05-20','Ring Plat M3','DEB',5000,'Tira Sakti','1',0,0,'0000-00-00 00:00:00','galih','2015-05-20 12:44:33',0,'MEC','0000-00-00 00:00:00'),(233,79,'2015-05-16','Bensin Galih','DEB',25000,'SPBU 2882','1',0,0,'0000-00-00 00:00:00','galih','2015-05-20 12:45:43',0,'TRA','0000-00-00 00:00:00'),(234,79,'2015-05-18','Lem Superglue','DEB',6500,'Tira Sakti','1',0,0,'0000-00-00 00:00:00','galih','2015-05-20 12:46:17',0,'MEC','0000-00-00 00:00:00'),(235,79,'2015-05-20','Motor + Spacer','DEB',108000,'Tulus Elektronics','1',0,0,'0000-00-00 00:00:00','galih','2015-05-20 12:46:53',0,'MEC','0000-00-00 00:00:00'),(236,79,'2015-05-16','Laser Cut Plat','DEB',120000,'Clicks (HERY)','1',0,0,'0000-00-00 00:00:00','galih','2015-05-20 12:47:31',0,'MEC','0000-00-00 00:00:00'),(237,79,'2015-05-20','Bensin Galih','DEB',20000,'SPBU 489216','1',0,0,'0000-00-00 00:00:00','galih','2015-05-20 13:18:44',0,'TRA','0000-00-00 00:00:00'),(238,79,'2015-05-21','Masukan Lujeng','KRE',500000,'','1',0,0,'0000-00-00 00:00:00','faris','2015-05-21 08:08:16',0,'REN','0000-00-00 00:00:00'),(239,80,'2015-05-20','I.WANT','DEB',11400,'','1',0,0,'0000-00-00 00:00:00','faris','2015-05-21 08:50:15',0,'CON','0000-00-00 00:00:00'),(240,80,'2015-05-13','SPECTRA PCB V2','DEB',51500,'','1',0,0,'0000-00-00 00:00:00','faris','2015-05-21 08:51:42',0,'CON','0000-00-00 00:00:00'),(241,80,'2015-05-20','IWANT LAGI','DEB',4600,'','1',0,0,'0000-00-00 00:00:00','faris','2015-05-21 08:52:50',0,'CON','0000-00-00 00:00:00'),(242,79,'2015-05-22','Bayar Pinjaman Galih','DEB',500000,'','1',0,0,'0000-00-00 00:00:00','galih','2015-05-22 03:24:26',0,'REN','0000-00-00 00:00:00'),(243,79,'2015-05-22','Pinjaman Galih','KRE',161000,'','1',0,0,'0000-00-00 00:00:00','galih','2015-05-22 03:25:16',0,'REN','0000-00-00 00:00:00'),(244,79,'2015-05-21','Motor Stirer tambahan','DEB',95000,'Tulus','1',0,0,'0000-00-00 00:00:00','galih','2015-05-22 03:26:47',0,'MEC','0000-00-00 00:00:00'),(245,79,'2015-05-21','Mur, LTK,','DEB',7000,'Sampurna Teknik','1',0,0,'0000-00-00 00:00:00','galih','2015-05-22 03:27:17',0,'MEC','0000-00-00 00:00:00'),(246,79,'2015-05-21','Machining strirer','DEB',40000,'Dua Saudara','1',0,0,'0000-00-00 00:00:00','galih','2015-05-22 03:27:46',0,'MEC','0000-00-00 00:00:00'),(247,79,'2015-05-21','Skun + Penyambung Kabel','DEB',19000,'Dios 0616','1',0,0,'0000-00-00 00:00:00','galih','2015-05-22 03:28:21',0,'MEC','0000-00-00 00:00:00'),(248,79,'2015-05-21','Mur','DEB',5000,'Sampurna Teknik','1',0,0,'0000-00-00 00:00:00','galih','2015-05-22 03:29:42',0,'MEC','0000-00-00 00:00:00'),(249,79,'2015-05-25','baut M4','DEB',5000,'','1',0,0,'0000-00-00 00:00:00','galih','2015-06-01 04:57:02',0,'MEC','0000-00-00 00:00:00'),(250,79,'2015-05-27','keypad','DEB',45000,'','1',0,0,'0000-00-00 00:00:00','galih','2015-06-01 04:58:31',0,'MEC','0000-00-00 00:00:00'),(251,79,'2015-05-27','skun','DEB',41000,'Dios 0654','1',0,0,'0000-00-00 00:00:00','galih','2015-06-01 04:59:42',0,'MEC','0000-00-00 00:00:00'),(252,79,'2015-05-27','Pinjaman Galih','KRE',100000,'galih','1',0,0,'0000-00-00 00:00:00','galih','2015-06-01 05:01:04',0,'REN','0000-00-00 00:00:00'),(253,79,'2015-05-26','','DEB',26000,'Anam 194731','1',0,0,'0000-00-00 00:00:00','faris','2015-06-01 05:04:05',0,'CON','0000-00-00 00:00:00'),(254,79,'2015-05-24','bensin Faris','DEB',10000,'spby 17','1',0,0,'0000-00-00 00:00:00','faris','2015-06-01 05:05:28',0,'TRA','0000-00-00 00:00:00'),(255,79,'2015-05-26','loctite','DEB',55000,'pratama indotech','1',0,0,'0000-00-00 00:00:00','faris','2015-06-01 05:06:17',0,'MEC','0000-00-00 00:00:00'),(256,79,'2015-05-26','bensin faris','DEB',23532,'spbu 696090','1',0,0,'0000-00-00 00:00:00','faris','2015-06-01 05:07:55',0,'TRA','0000-00-00 00:00:00'),(257,79,'2015-05-26','cetak laser','DEB',23000,'click','1',0,0,'0000-00-00 00:00:00','faris','2015-06-01 05:09:27',0,'MEC','0000-00-00 00:00:00'),(258,79,'2015-05-26','batu grinda','DEB',37000,'prtama indotech','1',0,0,'0000-00-00 00:00:00','faris','2015-06-01 05:11:03',0,'MEC','0000-00-00 00:00:00'),(259,79,'2015-05-26','mur topi','DEB',4000,'sampurna teknik','1',0,0,'0000-00-00 00:00:00','faris','2015-06-01 05:12:08',0,'MEC','0000-00-00 00:00:00'),(260,79,'2015-05-24','pen iklan','DEB',24000,'sumber berkat','1',0,0,'0000-00-00 00:00:00','faris','2015-06-01 05:13:45',0,'MEC','0000-00-00 00:00:00'),(261,79,'2015-05-26','acrylic','DEB',108000,'Marga Cipta','1',0,0,'0000-00-00 00:00:00','faris','2015-06-01 05:15:00',0,'MEC','0000-00-00 00:00:00'),(262,79,'2015-05-26','soket IDC','DEB',29000,'Anam','1',0,0,'0000-00-00 00:00:00','faris','2015-06-01 05:16:00',0,'CON','0000-00-00 00:00:00'),(263,79,'2015-05-26','pinjaman Faris','KRE',339532,'faris','1',0,0,'0000-00-00 00:00:00','faris','2015-06-01 05:18:58',0,'REN','0000-00-00 00:00:00'),(264,81,'2016-01-09','TULUS','DEB',355000,'TULUS','1',0,0,'0000-00-00 00:00:00','galih','2016-01-27 14:05:36',0,'CON','0000-00-00 00:00:00'),(265,81,'2016-01-09','Modal Duit','KRE',2000000,'TRF BNI JOKO','1',0,0,'0000-00-00 00:00:00','galih','2016-01-27 14:03:44',0,'REN','0000-00-00 00:00:00'),(266,81,'2015-12-29','CNC STORE','DEB',190000,'','1',0,0,'0000-00-00 00:00:00','galih','2016-01-27 14:05:12',0,'CON','0000-00-00 00:00:00'),(267,81,'2016-01-16','DIOS','DEB',13000,'','1',0,0,'0000-00-00 00:00:00','galih','2016-01-27 14:06:07',0,'CON','0000-00-00 00:00:00'),(268,81,'2016-01-16','CENTRAL','DEB',25000,'','1',0,0,'0000-00-00 00:00:00','galih','2016-01-27 14:06:31',0,'CON','0000-00-00 00:00:00'),(269,81,'2016-01-16','SANSUI ELCT','DEB',210000,'','1',0,0,'0000-00-00 00:00:00','galih','2016-01-27 14:07:33',0,'CON','0000-00-00 00:00:00'),(270,81,'2016-01-13','DEPOINOVASI','DEB',661000,'','1',0,0,'0000-00-00 00:00:00','galih','2016-01-27 14:08:22',0,'CON','0000-00-00 00:00:00'),(271,81,'2016-01-13','JOKO TRF DEPO','KRE',661000,'','1',0,0,'0000-00-00 00:00:00','galih','2016-01-27 14:08:52',0,'REN','0000-00-00 00:00:00'),(272,81,'2016-01-16','TULUS','DEB',275000,'','1',0,0,'0000-00-00 00:00:00','galih','2016-01-27 14:09:13',0,'CON','0000-00-00 00:00:00'),(273,81,'2016-01-23','HARIES ELECT','DEB',55000,'','1',0,0,'0000-00-00 00:00:00','galih','2016-01-27 14:09:46',0,'CON','0000-00-00 00:00:00'),(274,81,'2016-01-23','SAMPURNA','DEB',65500,'','1',0,0,'0000-00-00 00:00:00','galih','2016-01-27 14:11:04',0,'MEC','0000-00-00 00:00:00'),(275,81,'2016-01-23','TULUS','DEB',160000,'','1',0,0,'0000-00-00 00:00:00','galih','2016-01-27 14:11:26',0,'CON','0000-00-00 00:00:00'),(276,81,'2016-01-23','KANCANA AGUNG','DEB',500000,'ALUMINUM','1',0,0,'0000-00-00 00:00:00','galih','2016-01-27 14:11:56',0,'MEC','0000-00-00 00:00:00'),(277,81,'2016-01-23','FAJAR BEARING','DEB',100000,'','1',0,0,'0000-00-00 00:00:00','galih','2016-01-27 14:12:18',0,'MEC','0000-00-00 00:00:00'),(278,81,'2016-01-23','DUTA IRAMA','DEB',10000,'','1',0,0,'0000-00-00 00:00:00','galih','2016-01-27 14:12:47',0,'CON','0000-00-00 00:00:00'),(279,81,'2016-01-23','DIOS','DEB',30000,'','1',0,0,'0000-00-00 00:00:00','galih','2016-01-27 14:13:14',0,'CON','0000-00-00 00:00:00'),(280,81,'2016-01-23','MULTI RANTAI','DEB',180000,'','1',0,0,'0000-00-00 00:00:00','galih','2016-01-27 14:13:35',0,'MEC','0000-00-00 00:00:00'),(281,81,'2016-01-23','INTI BEARING','DEB',50000,'','1',0,0,'0000-00-00 00:00:00','galih','2016-01-27 14:13:55',0,'MEC','0000-00-00 00:00:00'),(282,81,'2016-01-23','TRF JOKO BNI','KRE',1000000,'','1',0,0,'0000-00-00 00:00:00','galih','2016-01-27 14:14:15',0,'REN','0000-00-00 00:00:00'),(283,81,'2016-01-20','3D BDG BUKALAPAK','DEB',47000,'','1',0,0,'0000-00-00 00:00:00','galih','2016-01-27 14:15:33',0,'MEC','0000-00-00 00:00:00'),(284,81,'2016-01-20','3D SMG BUKALAPAK','DEB',221000,'','1',0,0,'0000-00-00 00:00:00','galih','2016-01-27 14:16:02',0,'CON','0000-00-00 00:00:00'),(285,82,'2016-02-28','Arduino Nano + I2C Logic','DEB',108000,'','1',0,0,'0000-00-00 00:00:00','faris','2016-02-28 05:51:19',0,'CON','0000-00-00 00:00:00'),(286,82,'2016-02-28','Sim800, Step down, relay','DEB',329500,'','1',0,0,'0000-00-00 00:00:00','faris','2016-02-28 05:51:45',0,'CON','0000-00-00 00:00:00'),(287,82,'2016-02-28','PCB Printing','DEB',95000,'','1',0,0,'0000-00-00 00:00:00','faris','2016-02-28 05:52:04',0,'CON','0000-00-00 00:00:00'),(288,82,'2016-02-28','Adaptor 12V','DEB',12000,'','1',0,0,'0000-00-00 00:00:00','faris','2016-02-28 05:52:21',0,'CON','0000-00-00 00:00:00'),(289,82,'2016-02-28','Limit Switch','DEB',4000,'','1',0,0,'0000-00-00 00:00:00','faris','2016-02-28 05:52:44',0,'CON','0000-00-00 00:00:00'),(290,82,'2016-02-28','SIM CARD','DEB',5000,'','1',0,0,'0000-00-00 00:00:00','faris','2016-02-28 05:53:06',0,'CON','0000-00-00 00:00:00'),(291,82,'2016-02-28','Isi pulsa','DEB',15000,'','1',0,0,'0000-00-00 00:00:00','faris','2016-02-28 05:53:40',0,'CON','0000-00-00 00:00:00'),(292,82,'2016-02-28','SOcket Set','DEB',8000,'','1',0,0,'0000-00-00 00:00:00','faris','2016-02-28 05:53:59',0,'CON','0000-00-00 00:00:00'),(293,82,'2016-02-28','Printing Buku Manual 2 kali','DEB',14000,'','1',0,0,'0000-00-00 00:00:00','faris','2016-02-28 05:54:24',0,'ATK','0000-00-00 00:00:00'),(294,82,'2016-02-28','Pak Eko Bayar','KRE',2000000,'','1',0,0,'0000-00-00 00:00:00','faris','2016-02-28 05:54:45',0,'REN','0000-00-00 00:00:00'),(295,83,'2016-02-28','LNG Sensor','DEB',55000,'','1',0,0,'0000-00-00 00:00:00','faris','2016-02-28 06:06:35',0,'CON','0000-00-00 00:00:00'),(296,82,'2016-02-27','Bayar Dokumentasi Inamul','DEB',50000,'','1',0,0,'0000-00-00 00:00:00','faris','2016-02-28 06:07:01',0,'ATK','0000-00-00 00:00:00'),(297,82,'2016-02-27','Bayar Hartmann','DEB',150000,'','1',0,0,'0000-00-00 00:00:00','faris','2016-02-28 06:07:22',0,'ATK','0000-00-00 00:00:00'),(298,83,'2016-02-28','Akomodasi Solo','DEB',20000,'','1',0,0,'0000-00-00 00:00:00','faris','2016-02-28 06:08:25',0,'AKO','0000-00-00 00:00:00'),(299,82,'2016-02-26','Infaq 10%','DEB',85000,'','1',0,0,'0000-00-00 00:00:00','faris','2016-02-28 06:08:44',0,'REN','0000-00-00 00:00:00'),(300,84,'2016-02-28','Magnetic Tape','DEB',230069,'','1',0,0,'0000-00-00 00:00:00','faris','2016-02-28 06:10:37',0,'MEC','0000-00-00 00:00:00'),(301,84,'2016-02-28','Various Component: hall effect mainly','DEB',246083,'','1',0,0,'0000-00-00 00:00:00','faris','2016-02-28 06:11:02',0,'CON','0000-00-00 00:00:00'),(302,80,'2015-08-19','Satya Bayar','DEB',1500000,'','1',0,0,'0000-00-00 00:00:00','faris','2016-02-28 06:24:04',1,'REN','2016-02-28 06:24:51'),(303,80,'2015-06-10','Satya + Zaldi Bayar','KRE',1299800,'','1',0,0,'0000-00-00 00:00:00','faris','2016-02-28 06:27:55',0,'REN','0000-00-00 00:00:00'),(304,80,'2016-02-28','Dipake Sendiri','DEB',1029950,'','1',0,0,'0000-00-00 00:00:00','faris','2016-02-28 06:34:44',0,'REN','0000-00-00 00:00:00'),(305,79,'2016-02-28','Lunas, Dipake sendiri bayarannya','DEB',27672,'','1',0,0,'0000-00-00 00:00:00','faris','2016-02-28 06:35:29',0,'REN','0000-00-00 00:00:00'),(306,76,'2014-06-18','Transfer dari proyek Test Fuel Additive oleh tanti kepada faris | fsdfwefw','KRE',242342234,'sadfsadfwefdw','1',0,0,'0000-00-00 00:00:00','faris','2016-02-28 07:25:48',0,'TRF','0000-00-00 00:00:00'),(307,78,'2014-06-18','Transfer ke proyek Line AHM oleh tanti kepada faris | fsdfwefw','DEB',242342234,'sadfsadfwefdw','1',0,0,'0000-00-00 00:00:00','tanti','2016-02-28 07:25:48',0,'TRF','0000-00-00 00:00:00'),(308,85,'2016-03-17','Juhari Bayar','KRE',500000,'','1',0,0,'0000-00-00 00:00:00','faris','2016-03-19 10:12:25',0,'REN','0000-00-00 00:00:00'),(309,85,'2016-03-18','Beli Casing 1 ADE v2','DEB',368500,'','1',0,0,'0000-00-00 00:00:00','faris','2016-03-19 10:31:07',0,'MEC','0000-00-00 00:00:00'),(310,85,'2016-03-16','Trial Casing ADE','DEB',441650,'','1',0,0,'0000-00-00 00:00:00','faris','2016-03-19 10:30:22',0,'MEC','0000-00-00 00:00:00'),(311,85,'2016-03-19','Sumbangan Faris','KRE',35000,'','1',0,0,'0000-00-00 00:00:00','faris','2016-03-19 10:18:16',0,'REN','0000-00-00 00:00:00'),(312,85,'2016-03-19','Sumbangan Faishal','KRE',300000,'','1',0,0,'0000-00-00 00:00:00','faris','2016-03-19 10:18:40',0,'REN','0000-00-00 00:00:00'),(313,85,'2016-03-22','ADE Versi 2','DEB',335000,'','1',0,0,'0000-00-00 00:00:00','faris','2016-04-13 00:38:36',0,'MEC','0000-00-00 00:00:00'),(314,85,'2016-04-12','Emblem Modern','DEB',220000,'','1',0,0,'0000-00-00 00:00:00','faris','2016-04-13 00:39:17',0,'MEC','0000-00-00 00:00:00'),(315,85,'2016-04-12','Ambil komponen','DEB',100000,'','1',0,0,'0000-00-00 00:00:00','faris','2016-04-16 03:22:12',0,'CON','0000-00-00 00:00:00'),(316,83,'2016-04-24','Inbow dus dan switch','DEB',20000,'','1',0,0,'0000-00-00 00:00:00','faris','2016-05-03 17:18:24',0,'CON','0000-00-00 00:00:00'),(317,83,'2016-05-04','SUmbangan','KRE',730000,'','1',0,0,'0000-00-00 00:00:00','faris','2016-05-03 17:24:06',1,'REN','2016-05-03 17:25:46'),(318,83,'2016-05-04','Sumbangan','KRE',833000,'','1',0,0,'0000-00-00 00:00:00','faris','2016-05-03 17:27:06',0,'REN','0000-00-00 00:00:00'),(319,86,'2016-05-13','Linear Bearing and rod (1st batch)','DEB',148473,'','1',0,0,'0000-00-00 00:00:00','faris','2016-05-14 15:16:05',0,'MEC','0000-00-00 00:00:00'),(320,81,'2016-05-14','Balancer','DEB',513500,'','1',0,0,'0000-00-00 00:00:00','galih','2016-05-14 15:22:28',0,'REN','0000-00-00 00:00:00'),(321,86,'2016-05-14','Power supply module','DEB',91326,'','1',0,0,'0000-00-00 00:00:00','faris','2016-05-14 15:51:47',1,'CON','2016-07-15 11:01:29'),(322,86,'2016-05-15','Linear bearing V2','DEB',178523,'','1',0,0,'0000-00-00 00:00:00','faris','2016-05-15 15:31:23',0,'MEC','0000-00-00 00:00:00'),(323,86,'2016-05-15','Remote + belt','DEB',171181,'','1',0,0,'0000-00-00 00:00:00','faris','2016-05-15 15:32:32',0,'CON','0000-00-00 00:00:00'),(324,86,'2016-05-15','A4988','DEB',128505,'','1',0,0,'0000-00-00 00:00:00','faris','2016-05-15 15:39:26',0,'CON','0000-00-00 00:00:00'),(325,86,'2016-05-17','Joko Masuk','KRE',2000000,'','1',0,0,'0000-00-00 00:00:00','faris','2016-05-17 10:39:38',0,'REN','0000-00-00 00:00:00'),(326,86,'2016-05-22','Pcb spectra','DEB',105000,'','1',0,0,'0000-00-00 00:00:00','faris','2016-05-24 05:30:02',0,'CON','0000-00-00 00:00:00'),(327,86,'2016-05-26','Beli linear bearing + nitip extruder 120000','DEB',514287,'','1',0,0,'0000-00-00 00:00:00','faris','2016-05-26 11:25:26',0,'MEC','0000-00-00 00:00:00'),(328,86,'2016-05-25','L298 pak fendi','DEB',37000,'','1',0,0,'0000-00-00 00:00:00','faris','2016-05-26 11:26:11',0,'CON','0000-00-00 00:00:00'),(329,86,'2016-05-26','Elektonik driver motor tb60 + arduini','DEB',125133,'','1',0,0,'0000-00-00 00:00:00','faris','2016-05-26 13:23:47',0,'CON','0000-00-00 00:00:00'),(330,86,'2016-05-26','Nitip extruder di pembelian linear bearing kedua','KRE',120000,'','1',0,0,'0000-00-00 00:00:00','faris','2016-05-26 13:25:59',0,'REN','0000-00-00 00:00:00'),(331,86,'2016-06-01','L298 Pak afendi','DEB',37000,'','1',0,0,'0000-00-00 00:00:00','faris','2016-05-31 18:00:24',1,'CON','2016-05-31 18:13:07'),(332,86,'2016-06-02','Solder Goot','DEB',92000,'','1',0,0,'0000-00-00 00:00:00','faris','2016-05-31 18:01:16',0,'CON','0000-00-00 00:00:00'),(333,86,'2016-06-01','Beli uno + lcd titip','DEB',216744,'','1',0,0,'0000-00-00 00:00:00','faris','2016-06-01 07:18:00',0,'CON','0000-00-00 00:00:00'),(334,86,'2016-06-01','Faris titip lcd','KRE',150000,'','1',0,0,'0000-00-00 00:00:00','faris','2016-06-01 07:18:30',0,'REN','0000-00-00 00:00:00'),(335,86,'2016-06-03','Sumbangan Faihsal','KRE',600000,'','1',0,0,'0000-00-00 00:00:00','faris','2016-06-05 11:28:33',0,'REN','0000-00-00 00:00:00'),(336,86,'2016-07-15','Sumbangan Keyboard','KRE',200000,'','1',0,0,'0000-00-00 00:00:00','faris','2016-07-15 10:40:28',0,'REN','0000-00-00 00:00:00'),(337,86,'2016-07-01','Cabling trainer','DEB',175000,'','1',0,0,'0000-00-00 00:00:00','faris','2016-07-15 10:42:43',0,'MEC','0000-00-00 00:00:00'),(338,83,'2016-05-14','Power supply module','DEB',91326,'','1',0,0,'0000-00-00 00:00:00','faris','2016-07-15 11:01:50',0,'CON','0000-00-00 00:00:00'),(339,86,'2016-07-16','Beli komponen digital','DEB',21000,'','1',0,0,'0000-00-00 00:00:00','faris','2016-07-17 02:02:49',0,'CON','0000-00-00 00:00:00'),(340,86,'2016-07-22','Foam Packing','DEB',148000,'','1',0,0,'0000-00-00 00:00:00','faris','2016-07-25 13:46:53',0,'MEC','0000-00-00 00:00:00'),(341,86,'2016-07-13','Packing kayu','DEB',135000,'','1',0,0,'0000-00-00 00:00:00','faris','2016-07-25 13:47:16',0,'MEC','0000-00-00 00:00:00'),(342,86,'2016-07-22','JNE Adaptor + all','DEB',1525000,'','1',0,0,'0000-00-00 00:00:00','faris','2016-07-25 13:48:20',0,'AKO','0000-00-00 00:00:00'),(343,86,'2016-07-21','Cover DC digital','DEB',4000,'','1',0,0,'0000-00-00 00:00:00','faris','2016-07-25 13:49:40',0,'CON','0000-00-00 00:00:00'),(344,86,'2016-07-19','Elektrikal kabel kecil','DEB',18375,'','1',0,0,'0000-00-00 00:00:00','faris','2016-07-25 13:50:43',0,'CON','0000-00-00 00:00:00'),(345,86,'2016-07-22','Adaptor bei dari faishal','DEB',80000,'','1',0,0,'0000-00-00 00:00:00','faris','2016-07-25 13:51:56',0,'CON','0000-00-00 00:00:00'),(346,86,'2016-08-08','Joko Bayar','KRE',7991000,'','1',0,0,'0000-00-00 00:00:00','faris','2016-08-10 00:43:34',0,'REN','0000-00-00 00:00:00'),(347,86,'2016-08-02','Tiket balikpapan','DEB',2066000,'','1',0,0,'0000-00-00 00:00:00','faris','2016-08-10 00:44:26',0,'AKO','0000-00-00 00:00:00'),(348,86,'2016-08-07','Masuk dari faisal sama faris untuk patungan tiket','KRE',1000000,'','1',0,0,'0000-00-00 00:00:00','faris','2016-08-10 00:45:20',0,'REN','0000-00-00 00:00:00'),(349,86,'2016-08-01','Beli remote lagu','DEB',68000,'','1',0,0,'0000-00-00 00:00:00','faris','2016-08-10 00:47:05',0,'CON','0000-00-00 00:00:00'),(350,86,'2016-08-07','Gaji Faisal','DEB',1500000,'','1',0,0,'0000-00-00 00:00:00','faris','2016-08-10 00:48:33',0,'REN','0000-00-00 00:00:00'),(351,86,'2016-08-10','Gaji Faris','DEB',1500000,'','1',0,0,'0000-00-00 00:00:00','faris','2016-08-10 00:49:04',0,'REN','0000-00-00 00:00:00'),(352,86,'2016-07-31','Jual Keyboard','KRE',200000,'','1',0,0,'0000-00-00 00:00:00','faris','2016-08-10 00:53:00',0,'REN','0000-00-00 00:00:00'),(353,86,'2016-08-15','Parkir Motor','DEB',22000,'','1',0,0,'0000-00-00 00:00:00','faris','2016-08-15 13:20:19',0,'AKO','0000-00-00 00:00:00'),(354,86,'2016-08-15','Bensin Motor','DEB',40000,'','1',0,0,'0000-00-00 00:00:00','faris','2016-08-15 13:19:47',0,'AKO','0000-00-00 00:00:00'),(355,86,'2016-08-15','Makan haha popeye','DEB',49000,'','1',0,0,'0000-00-00 00:00:00','faris','2016-08-15 13:20:43',0,'AKO','0000-00-00 00:00:00'),(356,86,'2016-08-14','Servo bood','DEB',225000,'','1',0,0,'0000-00-00 00:00:00','faris','2016-08-15 13:21:09',0,'CON','0000-00-00 00:00:00'),(357,86,'2016-08-14','Fan made','DEB',15000,'','1',0,0,'0000-00-00 00:00:00','faris','2016-08-15 13:21:26',0,'CON','0000-00-00 00:00:00'),(358,86,'2016-08-15','Masuk dari faris','KRE',1000000,'','1',0,0,'0000-00-00 00:00:00','faris','2016-08-15 13:24:09',0,'TRA','0000-00-00 00:00:00'),(359,86,'2016-08-22','Pizza','DEB',670000,'','1',0,0,'0000-00-00 00:00:00','faris','2016-08-24 04:55:09',0,'REN','0000-00-00 00:00:00'),(360,83,'2016-09-01','Bosch Bor Malas','DEB',1042000,'','1',0,0,'0000-00-00 00:00:00','faris','2016-09-25 12:57:37',0,'MEC','0000-00-00 00:00:00'),(361,83,'2016-09-01','Mollar high speed rotary tool','DEB',542000,'','1',0,0,'0000-00-00 00:00:00','faris','2016-09-25 12:58:13',0,'MEC','0000-00-00 00:00:00'),(362,87,'2016-09-25','Bearing','DEB',129700,'','1',0,0,'0000-00-00 00:00:00','faris','2016-09-25 13:00:30',0,'MEC','0000-00-00 00:00:00'),(363,83,'2016-09-22','ESP8266 FTDI','DEB',145600,'','1',0,0,'0000-00-00 00:00:00','faris','2016-09-25 13:01:07',0,'CON','0000-00-00 00:00:00'),(364,83,'2016-09-22','Keyess chuck','DEB',58500,'','1',0,0,'0000-00-00 00:00:00','faris','2016-09-25 13:01:41',0,'MEC','0000-00-00 00:00:00'),(365,87,'2016-09-21','Filament','DEB',226000,'','1',0,0,'0000-00-00 00:00:00','faris','2016-09-25 13:02:20',0,'MEC','0000-00-00 00:00:00'),(366,83,'2016-10-01','ADE Cetak Face','DEB',229000,'','1',0,0,'0000-00-00 00:00:00','faris','2016-10-27 06:15:58',0,'MEC','0000-00-00 00:00:00'),(367,87,'2016-10-10','Infaq','DEB',200000,'','1',0,0,'0000-00-00 00:00:00','faris','2016-10-27 06:16:40',0,'REN','0000-00-00 00:00:00'),(368,88,'2016-10-26','Belt and stuff ','DEB',389500,'','1',0,0,'0000-00-00 00:00:00','faris','2016-10-27 06:20:26',0,'MEC','0000-00-00 00:00:00'),(369,88,'2016-10-18','Kamera Ball Kiki','DEB',80000,'','1',0,0,'0000-00-00 00:00:00','faris','2016-10-27 06:21:33',0,'MEC','0000-00-00 00:00:00');
/*!40000 ALTER TABLE `transaksi` ENABLE KEYS */;

--
-- Table structure for table `transfer`
--

DROP TABLE IF EXISTS `transfer`;
/*!40101 SET @saved_cs_client     = @@character_set_client */;
/*!40101 SET character_set_client = utf8 */;
CREATE TABLE `transfer` (
  `transferID` int(11) NOT NULL AUTO_INCREMENT,
  `changedOn` datetime NOT NULL,
  `dstacc` varchar(50) NOT NULL,
  `srcprj` int(11) NOT NULL,
  `dstaprj` int(11) NOT NULL,
  `nilai` bigint(20) NOT NULL,
  `tanggal` date NOT NULL,
  `approval` int(11) NOT NULL,
  `isDeleted` int(11) NOT NULL,
  `bukti` varchar(50) NOT NULL,
  `deskripsi` varchar(50) NOT NULL,
  `createdOn` datetime NOT NULL,
  `createdBy` varchar(50) NOT NULL,
  `approvedOn` datetime NOT NULL,
  `tanggallama` date NOT NULL,
  `deskripsilama` varchar(100) NOT NULL,
  `nilailama` bigint(20) NOT NULL,
  `buktilama` varchar(100) NOT NULL,
  `transaksiIDdst` int(11) NOT NULL,
  `transaksiIDsrc` int(11) NOT NULL,
  PRIMARY KEY (`transferID`)
) ENGINE=MyISAM AUTO_INCREMENT=44 DEFAULT CHARSET=latin1;
/*!40101 SET character_set_client = @saved_cs_client */;

--
-- Dumping data for table `transfer`
--

/*!40000 ALTER TABLE `transfer` DISABLE KEYS */;
INSERT INTO `transfer` VALUES (31,'2014-06-16 11:53:49','galih',0,76,90000000000,'2014-07-01',1,0,'TIK01','hibah','2014-06-16 11:53:49','iman','2014-06-16 11:54:33','0000-00-00','',0,'',92,93),(32,'2014-06-16 11:54:29','',0,0,0,'0000-00-00',0,1,'','','2014-06-16 11:54:19','galih','0000-00-00 00:00:00','0000-00-00','',0,'',0,0),(33,'2015-05-12 17:15:48','',76,0,80000000000,'2014-06-24',0,1,'TAF01','suntiksuntik dana korup','2014-06-16 11:58:34','faris','0000-00-00 00:00:00','0000-00-00','',0,'',0,0),(34,'2014-06-16 12:04:03','galih',77,76,90000000,'2014-06-23',1,0,'TIK02','Suntik dong buat kenalpot','2014-06-16 12:02:57','iman','2014-06-16 12:04:44','2014-06-23','Suntik dong buat kenalpot',9000000000,'TIK02',94,95),(35,'2014-06-16 13:32:02','robi',78,76,8000000,'2014-06-24',0,1,'TIY01','suntik robi','2014-06-16 13:31:54','iyus','0000-00-00 00:00:00','0000-00-00','',0,'',0,0),(36,'2014-06-16 13:34:47','peres',76,77,900004040,'2014-06-24',0,1,'halohlo','suntik ben','2014-06-16 13:34:40','robi','0000-00-00 00:00:00','0000-00-00','',0,'',0,0),(37,'2014-06-16 13:35:14','peres',76,77,90000,'2014-06-25',1,0,'asdfa','suntik lagi','2014-06-16 13:35:08','robi','2014-06-16 13:35:31','0000-00-00','',0,'',97,98),(38,'2014-06-16 16:58:57','peres',76,77,700000,'2014-07-01',0,0,'','','2014-06-16 16:58:57','tanti','0000-00-00 00:00:00','0000-00-00','',0,'',0,0),(39,'2014-06-16 17:35:00','faris',78,76,242342234,'2014-06-18',1,0,'sadfsadfwefdw','fsdfwefw','2014-06-16 17:35:00','tanti','2016-02-28 07:25:48','0000-00-00','',0,'',306,307),(40,'2014-06-16 17:35:24','tanti',76,77,23423423423,'2014-06-26',1,0,'2342423423','asdfsef','2014-06-16 17:35:24','tanti','2014-06-16 17:35:29','0000-00-00','',0,'',99,100),(41,'2014-06-16 17:36:27','tanti',76,78,324234234,'2014-06-09',1,0,'sdafawefw','sadfsdf','2014-06-16 17:36:27','tanti','2014-06-16 17:36:32','0000-00-00','',0,'',101,102),(42,'2014-06-16 17:37:34','tanti',78,76,23423423423,'2014-06-24',0,1,'sdfewfsf','fasdfase','2014-06-16 17:37:26','tanti','0000-00-00 00:00:00','0000-00-00','',0,'',0,0),(43,'2014-06-16 17:38:13','kiki',76,78,23423423,'2014-06-24',0,1,'234234','sdfasfe','2014-06-16 17:38:09','robi','0000-00-00 00:00:00','0000-00-00','',0,'',0,0);
/*!40000 ALTER TABLE `transfer` ENABLE KEYS */;

--
-- Table structure for table `user`
--

DROP TABLE IF EXISTS `user`;
/*!40101 SET @saved_cs_client     = @@character_set_client */;
/*!40101 SET character_set_client = utf8 */;
CREATE TABLE `user` (
  `user_id` int(4) NOT NULL AUTO_INCREMENT,
  `username` varchar(10) NOT NULL,
  `password` varchar(50) NOT NULL,
  `email` varchar(100) NOT NULL,
  `fullname` varchar(50) NOT NULL,
  `title` varchar(50) NOT NULL,
  `alamat` varchar(100) NOT NULL,
  `telp1` varchar(50) NOT NULL,
  `telp2` varchar(50) NOT NULL,
  `telp3` varchar(50) NOT NULL,
  `telp_kantor` varchar(50) NOT NULL,
  `grupid` varchar(3) NOT NULL,
  `createdOn` timestamp NOT NULL DEFAULT CURRENT_TIMESTAMP,
  `isDeleted` tinyint(1) NOT NULL,
  `changedOn` timestamp NOT NULL DEFAULT '0000-00-00 00:00:00',
  PRIMARY KEY (`user_id`),
  KEY `username` (`username`)
) ENGINE=MyISAM AUTO_INCREMENT=73 DEFAULT CHARSET=latin1;
/*!40101 SET character_set_client = @saved_cs_client */;

--
-- Dumping data for table `user`
--

/*!40000 ALTER TABLE `user` DISABLE KEYS */;
INSERT INTO `user` VALUES (51,'SA','3dd6b9265ff18f31dc30df59304b0ca7','','','','','','','','','SA','2014-06-15 21:36:23',0,'0000-00-00 00:00:00'),(55,'arief','2fab7eefb328d669c8dde67a91528eb9','arief.niken@yahoo.com','AH','Dosen','jalan dago','02398','023948203948','23094802394','230498234','PIP','2014-06-16 02:38:47',0,'2014-06-16 02:38:47'),(56,'iman','5be9a68073f66a56554e25614e9f1c9a','iman.katro@gogling.com','Iman Kartolaksono','Dosen','Jalan padasuka','0293481098','0239482048','2038403980','23094823048','PIP','2014-06-16 02:39:31',1,'2016-02-28 06:16:41'),(57,'iyus','7d0ea7482f842d31aadd256539493ab0','triyus@gogon.com','triyushada','Dosen','Jalan Pramuka','09283042938','09384024','02394820842','02934802','PIP','2014-06-16 02:40:23',0,'2014-06-16 02:40:23'),(58,'galih','027dc74f0bbf09a61a36ec7f0d9e08ca','saman.galih@gmail.com','Galih Gibrani','Mahasiswa','Jalan Salendro Timur VIII','08562012333','','','0227304707','PIP','2014-06-16 02:41:07',0,'2015-04-29 16:33:18'),(59,'tanti','f8d892a8bb93622f9c90e184a9b2974a','tanti.vespa@vespaku.com','Tanti Vespa','Sekretaris','Jalan CIbeunying Raya','092348029384','029348203948','09328402','09238402938','BDH','2014-06-16 02:41:54',0,'2014-06-16 02:41:54'),(60,'faris','7d77e825b80cff62a72e680c1c81424f','ahmadfarisfs@gmail.com','Ahmad Faris','Mahasiswa','Cibiru','0294802938','0928340928','029384028','0840239482','PIP','2014-06-16 02:42:42',0,'2015-04-29 23:53:32'),(61,'aryo','2ec87599180c059aa5444292cd98c5ff','aryo.wicak@gmail.com','Aryo Wicaksono','Mahasiswa','Jalan dago asri','0293480389','892304802389','0938042830','0239840283408','TEM','2014-06-16 02:43:30',0,'2014-06-16 02:43:30'),(62,'peres','eb511255dd7f17e5d418fae4fe347073','peres.ben@galau.com','Peres M','Mahasiswa','Jalan Tiada Akhir','092384028','0982093482','0923840928','029830284','TEM','2014-06-16 02:44:17',0,'2014-06-16 02:44:17'),(63,'toto','f71dbe52628a3f83a77ab494817525c6','totoradian@gmail.com','Radianto','Mahasiswa','Jalan jakarta oke','0923840238','098230482','098203482','098230481','TEM','2014-06-16 02:44:58',0,'2014-06-16 02:44:58'),(64,'asep','dc855efb0dc7476760afaa1b281665f1','nurseptian@ganteng.me','Nurseptian','Mahasiswa','Jalan Cibiru','02398402938','0938402384','0938402984','02938402938','TEM','2014-06-16 02:45:37',0,'2014-06-16 02:45:37'),(65,'kiki','0d61130a6dd5eea85c2c5facfe1c15a7','kiki.kris.kiki@kristian.com','Kiki Kris','Mahasiswa','Jalan ngapak','0923840238408','0329840238408','082034802348208','092384023808','TEM','2014-06-16 02:46:19',0,'2014-06-16 02:46:19'),(66,'robi','b8b743a499e461922accad58fdbf25d2','robi.haha@herms.id','Robi Hermansyah','Mahasiswa','Jalan jalan','029840238408','80293480238','90820348092384','09238402834029','TEM','2014-06-16 02:47:01',1,'2016-02-28 06:17:06'),(67,'joko','9ba0009aa81e794e628a04b51eaf7d7f','jokowisno@me.com','Jokowis','Pertamina Bos','jalan tumpang','029348023480','0239482034890','20934823048','09834092834','PIP','2014-06-16 02:47:58',0,'2016-01-27 14:18:29'),(68,'nana','518d5f3401534f5c6c21977f12f60989','nana.tek@teknis.ciamik','Nana Handal','Teknisi','jalan teung','093029480','0983049238420','02394820384','0239840239842','TEM','2014-06-16 02:48:40',0,'2014-06-16 02:48:40'),(69,'endang','7565a1fb1ffd44d62ba851ce3540b5e4','endang.thekunci@teknis.ciamik','Endang','Teknisi','Jalan Nyingseret','09238402938','02938402948','09823409238','0293','TEM','2014-06-16 02:49:25',0,'2014-06-16 02:50:26'),(70,'arif','0ff6c3ace16359e41e37d40b8301d67f','Arifsang@teknis.ciamik','Arif sang teknisi','Teknisi','Jalan bubutan kayu','09238420384','09823409823','098340283','0983408','TEM','2014-06-16 02:50:09',0,'2014-06-16 02:50:09'),(71,'lujeng','2e909829c96054b0f01158685406ac64','','Lujeng','Direktur Teknis','','','','','','BDH','2015-04-29 16:34:26',0,'2015-04-30 02:19:37'),(72,'faisal','f4668288fdbf9773dd9779d412942905','','M Rizka Faisal','S.T','','','','','','PIP','2016-02-28 06:18:59',0,'2016-02-28 06:18:59');
/*!40000 ALTER TABLE `user` ENABLE KEYS */;

--
-- Dumping events for database 'u252219999_db'
--

--
-- Dumping routines for database 'u252219999_db'
--
/*!40103 SET TIME_ZONE=@OLD_TIME_ZONE */;

/*!40101 SET SQL_MODE=@OLD_SQL_MODE */;
/*!40014 SET FOREIGN_KEY_CHECKS=@OLD_FOREIGN_KEY_CHECKS */;
/*!40014 SET UNIQUE_CHECKS=@OLD_UNIQUE_CHECKS */;
/*!40101 SET CHARACTER_SET_CLIENT=@OLD_CHARACTER_SET_CLIENT */;
/*!40101 SET CHARACTER_SET_RESULTS=@OLD_CHARACTER_SET_RESULTS */;
/*!40101 SET COLLATION_CONNECTION=@OLD_COLLATION_CONNECTION */;
/*!40111 SET SQL_NOTES=@OLD_SQL_NOTES */;

-- Dump completed on 2019-07-20 17:26:00